71462560	2013-07-13 18:11:40	1
71462378	2011-03-21 10:10:00	1
71463428	2010-10-10 17:05:44	1
71460747	2016-01-17 17:58:44	1
71458038	2012-01-12 06:37:35	1
71458808	2012-09-13 13:53:38	1
71462231	2009-04-17 06:05:44	1
71460796	2018-02-18 17:39:02	1
71462777	2009-02-06 08:55:07	1
71462441	2005-09-20 07:57:37	1
71459718	2018-07-28 18:06:24	1
71462686	2006-11-14 07:28:25	1
71461874	2005-08-11 08:02:25	1
71460243	2014-06-18 10:50:18	1
71460019	2016-12-08 10:35:18	1
71463022	2005-03-15 12:57:38	1
71460082	2015-04-21 08:08:56	1
71460068	2017-10-09 18:27:48	1
71460145	2005-10-09 11:07:51	1
71459207	2016-04-22 07:08:26	1
71460530	2012-03-04 16:46:38	1
71462987	2005-06-15 07:33:07	1
71461909	2016-11-06 11:00:57	1
71460362	2013-07-22 17:56:33	1
71458297	2019-02-15 17:59:10	1
71460670	2017-09-16 17:52:14	1
71461006	2010-05-17 13:17:35	1
71458591	2005-06-19 15:51:12	1
71459900	2016-03-14 13:06:40	1
71459060	2017-04-13 07:22:21	1
71458122	2010-09-18 10:20:42	1
71458878	2018-01-10 06:44:03	1
71462847	2014-03-09 13:47:25	1
71460425	2012-04-15 09:57:08	1
71461013	2012-05-08 20:33:31	1
71459641	2015-04-12 11:40:14	1
71462826	2014-04-14 08:23:41	1
71459886	2020-03-17 10:22:39	1
71459907	2011-08-19 07:15:36	1
71461720	2015-12-06 13:35:04	1
71461867	2015-10-01 09:58:54	1
71460754	2012-01-05 10:28:30	1
71460145	2008-02-01 11:46:57	1
71463428	2012-08-05 15:15:41	1
71459704	2011-12-08 09:01:16	1
71460775	2010-07-16 09:18:57	1
71462147	2020-11-24 10:39:18	1
71459690	2011-07-04 15:01:55	1
71462294	2019-08-14 16:11:03	1
71460992	2013-08-02 18:08:42	1
71461055	2018-04-25 18:31:19	1
71460782	2008-01-26 10:03:54	1
71462469	2016-08-13 16:00:08	1
71460208	2017-03-04 18:08:28	1
71463218	2006-12-19 06:35:59	1
71459760	2019-07-25 13:26:36	1
71461986	2013-11-06 13:08:12	1
71462791	2006-07-19 14:34:18	1
71459116	2010-09-12 08:55:01	1
71461307	2018-01-15 20:47:00	1
71459977	2019-10-07 16:09:45	1
71462161	2017-07-06 06:48:59	1
71462371	2016-07-26 12:58:22	1
71463281	2018-01-13 06:57:35	1
71458675	2020-09-17 10:33:22	1
71461195	2019-01-11 18:54:02	1
71461748	2013-03-16 07:03:38	1
71462938	2008-02-01 15:44:22	1
71458913	2006-04-20 13:36:20	1
71461979	2016-11-11 15:25:30	1
71463722	2016-08-17 13:12:04	1
71458031	2017-10-27 14:34:36	1
71458206	2006-10-20 13:05:22	1
71459543	2018-02-19 13:17:18	1
71463148	2020-06-22 10:08:20	1
71459375	2007-12-22 09:17:36	1
71461622	2006-01-04 14:22:20	1
71461930	2005-07-26 18:04:19	1
71460768	2020-10-18 20:49:19	1
71459088	2019-08-09 14:58:03	1
71462077	2009-11-22 08:00:40	1
71462714	2007-08-05 14:59:52	1
71462714	2011-01-25 09:53:09	1
71459207	2008-05-01 08:57:08	1
71461818	2009-03-11 07:36:07	1
71459809	2018-12-27 11:56:01	1
71457940	2014-05-10 19:07:57	1
71459802	2005-03-22 09:28:47	1
71462098	2007-09-24 20:43:49	1
71459081	2009-04-11 18:25:47	1
71462651	2011-03-04 14:41:29	1
71459116	2018-05-16 10:47:40	1
71459718	2008-10-13 09:31:38	1
71462315	2009-10-20 14:55:18	1
71462588	2015-07-13 13:15:53	1
71458136	2016-06-19 16:36:14	1
71463225	2010-02-02 07:55:15	1
71462427	2012-07-19 15:24:15	1
71463617	2005-09-11 14:18:02	1
71459431	2011-10-08 11:13:36	1
71460957	2012-11-25 11:36:14	1
71461818	2020-01-10 14:49:34	1
71461524	2020-12-06 13:37:33	1
71458087	2013-07-09 14:04:15	1
71463183	2019-01-06 07:51:07	1
71460691	2011-08-23 11:26:31	1
71458276	2017-01-22 06:31:17	1
71459410	2008-08-17 08:23:18	1
71462812	2005-07-22 18:58:23	1
71461622	2015-10-11 17:20:46	1
71457947	2008-12-23 17:13:02	1
71462455	2010-06-22 11:48:55	1
71458374	2011-02-28 17:46:10	1
71459256	2013-09-18 18:49:42	1
71461027	2005-05-05 14:34:16	1
71463288	2010-02-28 14:01:07	1
71460166	2015-12-12 06:21:44	1
71461524	2009-03-27 15:51:02	1
71462714	2010-12-13 08:01:52	1
71462266	2005-06-03 14:06:45	1
71461202	2018-07-06 06:40:51	1
71461804	2012-06-15 15:08:29	1
71459746	2016-07-10 07:43:39	1
71462546	2018-12-09 09:48:55	1
71458206	2010-11-18 08:32:32	1
71459851	2005-10-04 16:49:06	1
71459998	2007-01-17 08:54:16	1
71458269	2005-05-19 11:50:25	1
71461258	2012-05-06 15:49:58	1
71458045	2005-11-07 16:23:18	1
71460964	2006-06-17 18:21:53	1
71461517	2013-11-23 10:31:07	1
71460131	2016-10-13 20:50:13	1
71461545	2007-04-25 07:17:49	1
71461041	2012-09-01 08:10:19	1
71461055	2008-04-25 16:28:43	1
71462035	2008-04-13 11:58:37	1
71457870	2018-07-03 15:34:09	1
71459319	2007-03-15 11:54:52	1
71459361	2005-11-06 12:16:39	1
71458836	2011-01-11 15:30:56	1
71461867	2018-06-13 16:40:37	1
71461489	2011-10-27 09:50:11	1
71460572	2007-09-18 14:31:03	1
71461020	2016-04-26 10:47:44	1
71461251	2009-01-14 09:29:05	1
71460061	2017-05-08 07:09:48	1
71457877	2008-08-14 07:24:56	1
71460194	2011-10-22 19:04:07	1
71462994	2020-08-15 06:09:24	1
71462245	2019-01-21 09:10:12	1
71458465	2007-06-24 10:41:56	1
71461671	2005-01-28 07:52:21	1
71458493	2009-05-19 10:47:54	1
71460117	2008-05-07 10:36:14	1
71458451	2018-10-26 10:29:20	1
71458892	2010-04-03 12:53:31	1
71458248	2010-09-25 12:29:06	1
71459543	2020-05-08 09:20:59	1
71458962	2010-07-17 15:04:08	1
71461734	2008-07-21 18:26:49	1
71462406	2012-12-10 09:10:11	1
71461916	2014-08-27 08:41:00	1
71462308	2011-07-01 13:59:19	1
71461293	2017-01-26 11:29:32	1
71458094	2019-07-11 09:10:42	1
71458878	2018-08-11 09:43:24	1
71463211	2018-08-06 14:06:47	1
71463540	2010-07-25 08:22:25	1
71462819	2013-03-13 08:19:05	1
71458241	2011-10-07 08:38:59	1
71458759	2008-01-19 07:41:06	1
71461440	2006-04-11 08:02:44	1
71463645	2018-10-25 10:05:23	1
71458353	2013-12-06 14:46:27	1
71458570	2014-12-05 19:36:01	1
71461300	2016-08-04 08:42:53	1
71460649	2014-07-15 19:22:14	1
71459011	2015-08-08 19:38:58	1
71462084	2014-08-07 17:36:36	1
71462049	2010-01-23 18:52:26	1
71459228	2018-03-04 19:06:03	1
71460131	2019-04-25 12:45:15	1
71461573	2010-10-06 10:56:48	1
71459284	2016-08-15 14:11:05	1
71459305	2020-09-16 19:34:04	1
71462539	2014-03-23 12:02:38	1
71463085	2006-10-27 15:45:08	1
71458073	2019-12-14 08:00:29	1
71458178	2013-02-11 09:30:17	1
71461573	2020-05-22 18:41:21	1
71458045	2012-04-02 13:34:00	1
71460432	2006-02-02 15:28:18	1
71460593	2014-07-27 18:34:14	1
71458675	2009-11-23 12:03:27	1
71463547	2010-03-19 08:06:26	1
71458549	2014-10-17 06:12:28	1
71458675	2015-09-21 17:17:46	1
71458024	2008-10-03 12:09:50	1
71459641	2011-05-17 12:45:29	1
71460845	2009-11-26 06:56:26	1
71461307	2006-01-04 20:35:45	1
71461153	2006-11-16 12:33:12	1
71460481	2018-11-23 14:37:07	1
71459130	2009-08-13 14:23:51	1
71459396	2017-06-12 18:43:31	1
71461776	2015-12-28 06:50:45	1
71462224	2006-11-26 16:34:22	1
71463043	2017-06-04 17:57:29	1
71459529	2009-06-06 17:03:11	1
71460733	2018-02-21 15:52:59	1
71462189	2007-10-12 19:25:16	1
71459158	2008-02-20 09:57:46	1
71461979	2020-03-23 07:16:20	1
71460110	2013-07-17 08:15:15	1
71460908	2005-01-13 20:11:53	1
71458675	2008-08-12 13:05:16	1
71458458	2016-01-07 17:59:55	1
71461489	2017-09-25 11:24:55	1
71461174	2019-03-09 18:10:53	1
71462735	2020-12-22 13:35:15	1
71462399	2010-08-19 10:32:22	1
71460257	2009-06-04 16:01:09	1
71459837	2006-12-04 10:59:09	1
71463603	2018-01-01 14:01:36	1
71462350	2013-03-25 10:59:33	1
71459977	2007-10-10 07:12:55	1
71459102	2013-01-06 14:00:21	1
71463638	2011-09-05 09:49:26	1
71459312	2008-11-16 16:06:11	1
71461580	2017-01-15 08:10:13	1
71461293	2006-01-26 07:53:29	1
71463155	2014-06-28 09:53:57	1
71462770	2014-04-07 06:40:52	1
71457940	2018-04-14 12:09:08	1
71460831	2009-06-10 17:53:35	1
71461013	2018-08-13 10:59:00	1
71461167	2005-02-07 18:45:31	1
71460502	2006-05-28 19:07:17	1
71463610	2018-04-17 13:48:05	1
71458675	2015-05-08 11:07:21	1
71461510	2011-03-06 06:45:05	1
71461440	2009-12-05 08:06:26	1
71458598	2019-04-07 15:53:01	1
71461363	2012-08-08 16:57:39	1
71461370	2006-01-12 18:06:21	1
71458430	2010-06-09 14:55:36	1
71458857	2019-05-11 08:36:50	1
71462259	2006-07-24 08:35:39	1
71461720	2014-09-07 18:38:54	1
71463414	2019-06-18 11:15:00	1
71462854	2018-03-11 08:18:35	1
71459613	2020-10-15 13:16:24	1
71463043	2015-04-28 19:24:23	1
71460635	2020-02-23 06:17:34	1
71460530	2017-06-22 15:27:46	1
71458367	2005-11-05 18:21:44	1
71460292	2009-03-19 17:19:12	1
71459025	2011-02-08 12:04:23	1
71461412	2015-06-03 08:38:22	1
71462889	2011-05-22 11:42:26	1
71457933	2014-04-03 14:04:54	1
71462483	2009-09-01 09:34:13	1
71459676	2013-04-21 11:10:49	1
71459396	2012-04-08 20:28:30	1
71461972	2015-08-22 10:55:23	1
71459298	2017-10-16 20:33:47	1
71462868	2015-03-06 09:43:51	1
71458115	2020-09-18 20:49:54	1
71461713	2008-01-08 18:11:15	1
71461587	2009-09-01 10:54:26	1
71461951	2019-01-21 10:33:36	1
71463561	2016-01-02 12:08:33	1
71463239	2009-06-15 10:42:41	1
71461825	2012-08-03 16:36:10	1
71461517	2010-10-07 10:11:02	1
71458563	2011-09-15 07:09:00	1
71461839	2015-12-15 18:40:39	1
71458430	2017-08-11 20:05:31	1
71460117	2015-07-17 14:58:46	1
71460950	2009-06-04 09:37:40	1
71459424	2015-05-11 15:28:36	1
71462140	2006-04-22 18:45:30	1
71459326	2010-02-10 18:28:39	1
71459494	2005-12-21 06:31:12	1
71458178	2007-01-18 13:14:19	1
71460747	2007-02-01 16:18:53	1
71462301	2009-06-24 06:16:23	1
71461846	2019-04-16 06:56:22	1
71462742	2018-08-20 11:44:49	1
71458759	2013-04-27 15:42:20	1
71459151	2011-02-01 14:13:33	1
71462133	2015-10-14 14:37:51	1
71462224	2009-02-28 18:46:50	1
71458010	2013-03-05 13:00:56	1
71463162	2007-02-25 17:36:15	1
71458031	2014-06-06 08:08:42	1
71460957	2013-02-11 10:29:53	1
71461244	2010-11-27 12:05:51	1
71460775	2017-04-22 18:41:11	1
71459781	2010-01-09 06:50:52	1
71460005	2012-03-17 13:32:39	1
71460432	2015-01-10 12:06:33	1
71459473	2017-01-01 15:32:09	1
71458766	2009-09-11 10:08:02	1
71459718	2020-09-18 13:38:59	1
71462483	2006-06-24 18:03:10	1
71460957	2017-06-08 09:27:23	1
71459417	2020-06-18 09:28:05	1
71462588	2015-08-22 06:37:39	1
71458759	2014-05-15 19:29:10	1
71460369	2014-05-17 15:35:00	1
71461573	2005-05-05 20:48:29	1
71463526	2011-12-26 16:27:12	1
71458647	2016-01-07 16:50:39	1
71460810	2010-04-03 06:26:21	1
71461601	2020-07-03 10:29:13	1
71463407	2010-04-15 13:33:30	1
71463624	2006-05-10 06:40:05	1
71459928	2010-04-19 20:02:04	1
71458150	2019-05-09 08:23:38	1
71463106	2012-05-23 06:59:41	1
71459620	2007-04-21 18:53:03	1
71459396	2009-10-21 07:53:04	1
71461293	2016-05-22 19:29:28	1
71463512	2014-02-28 13:50:34	1
71462315	2008-09-03 15:31:32	1
71458080	2005-02-08 07:52:06	1
71462252	2017-06-23 12:33:00	1
71461300	2014-07-17 11:26:20	1
71458983	2013-06-05 17:43:46	1
71459606	2009-02-25 17:46:03	1
71459025	2009-04-25 12:14:05	1
71459970	2014-02-20 11:22:07	1
71463141	2009-02-05 14:47:45	1
71461664	2010-06-12 07:19:21	1
71462567	2020-08-03 16:17:02	1
71457926	2005-06-01 17:56:27	1
71462469	2009-10-19 17:20:18	1
71459844	2007-08-03 07:36:11	1
71457877	2020-06-06 14:33:28	1
71458514	2015-12-19 16:31:44	1
71463225	2011-12-18 07:02:12	1
71462644	2016-01-22 10:17:58	1
71459256	2016-08-28 07:52:12	1
71459095	2011-08-10 19:34:16	1
71462301	2010-11-18 17:20:35	1
71460208	2011-02-08 18:35:18	1
71457891	2008-01-28 08:39:25	1
71458325	2018-07-09 12:45:31	1
71459109	2019-04-08 12:54:22	1
71461160	2019-10-02 06:09:14	1
71459242	2006-07-11 17:42:50	1
71463141	2012-11-27 07:28:59	1
71460943	2009-10-27 18:47:54	1
71462581	2011-05-01 06:56:43	1
71459130	2017-08-22 15:36:25	1
71458094	2006-03-12 19:22:25	1
71462833	2011-10-01 13:35:59	1
71463400	2014-05-13 12:38:56	1
71463568	2006-11-08 10:43:21	1
71459774	2011-11-26 10:19:29	1
71458563	2019-01-14 06:28:23	1
71458031	2012-05-08 10:04:49	1
71458892	2007-06-23 12:02:24	1
71459655	2009-04-22 14:58:40	1
71461587	2010-04-02 13:11:18	1
71460782	2007-07-02 20:53:37	1
71463281	2014-05-01 09:51:18	1
71460439	2019-10-03 16:51:59	1
71463554	2016-03-01 18:23:04	1
71459060	2005-06-17 13:28:13	1
71458871	2007-07-17 18:12:44	1
71462994	2012-02-26 14:46:36	1
71461097	2011-12-14 15:02:53	1
71462140	2019-02-05 16:01:35	1
71458535	2013-05-15 11:31:51	1
71462868	2017-09-18 15:12:43	1
71460796	2013-01-28 20:50:29	1
71462742	2018-01-27 08:15:43	1
71458164	2015-10-23 20:49:29	1
71462826	2008-11-13 16:18:25	1
71462763	2015-05-28 20:05:05	1
71462098	2015-02-08 13:36:24	1
71458164	2006-02-17 13:11:54	1
71460719	2005-08-15 08:52:38	1
71457947	2008-02-10 07:05:45	1
71461937	2008-12-06 08:01:59	1
71460600	2016-07-01 10:51:10	1
71460796	2018-08-09 08:39:57	1
71459655	2007-06-24 07:06:15	1
71460306	2007-09-15 09:31:40	1
71459578	2016-07-18 15:52:30	1
71463456	2009-05-10 07:15:42	1
71459914	2014-09-07 08:58:13	1
71458787	2007-08-25 07:01:12	1
71462427	2015-09-12 13:09:25	1
71463253	2017-06-15 19:56:05	1
71459291	2011-02-19 11:08:17	1
71459053	2010-02-12 19:58:42	1
71459585	2011-04-04 17:31:52	1
71462504	2006-02-08 19:33:49	1
71462462	2005-02-21 16:05:48	1
71463743	2016-10-25 11:56:33	1
71458892	2016-12-21 08:36:26	1
71460530	2018-03-16 11:40:59	1
71460411	2018-04-13 09:44:40	1
71460565	2008-04-18 15:30:04	1
71461923	2015-05-26 11:00:04	1
71460523	2010-04-16 11:30:40	1
71458479	2015-04-02 07:02:41	1
71463372	2016-08-12 10:25:44	1
71461776	2013-07-08 18:17:34	1
71460866	2013-02-04 18:36:42	1
71458164	2018-09-23 09:02:55	1
71460628	2019-08-19 20:34:17	1
71461006	2015-11-25 15:39:51	1
71462882	2007-08-04 19:08:13	1
71458297	2007-08-19 16:15:07	1
71458976	2015-07-03 09:52:59	1
71463372	2007-10-04 17:55:56	1
71457884	2019-05-18 13:03:08	1
71462252	2017-10-18 11:13:59	1
71463680	2017-05-23 07:32:52	1
71462483	2016-08-03 13:12:58	1
71459459	2011-04-13 19:15:58	1
71459760	2013-02-06 14:33:33	1
71458962	2013-03-06 19:31:24	1
71461097	2010-12-13 11:33:51	1
71460271	2007-04-24 09:41:52	1
71458864	2005-08-07 18:11:01	1
71462378	2017-05-21 11:25:18	1
71459095	2010-04-20 07:05:35	1
71459536	2008-01-09 14:13:36	1
71459970	2005-07-02 18:20:43	1
71460985	2015-08-19 14:50:08	1
71463071	2007-07-22 10:57:59	1
71460019	2017-07-08 18:41:56	1
71459403	2015-11-02 13:32:41	1
71460502	2020-11-08 09:29:42	1
71461678	2011-02-11 17:27:41	1
71463358	2009-03-16 19:01:36	1
71461132	2020-04-26 20:05:49	1
71461930	2017-06-04 11:59:49	1
71460166	2008-10-13 16:20:13	1
71462994	2007-02-28 10:09:42	1
71463617	2017-08-25 17:49:00	1
71462728	2020-01-25 13:00:22	1
71458647	2018-05-11 13:45:13	1
71459473	2011-06-09 13:34:55	1
71458416	2018-06-13 06:32:05	1
71459039	2014-12-27 08:36:26	1
71462413	2015-07-15 20:34:51	1
71458038	2010-02-16 18:45:45	1
71458626	2011-09-05 17:58:42	1
71460467	2012-03-06 18:13:27	1
71458311	2009-01-16 06:12:03	1
71463113	2009-08-12 13:54:32	1
71461132	2006-01-25 08:57:03	1
71460418	2008-09-06 16:17:20	1
71463197	2005-04-28 06:21:10	1
71462364	2010-08-17 16:11:53	1
71461804	2010-06-11 13:14:26	1
71461720	2006-02-24 14:02:49	1
71458689	2005-12-24 10:07:37	1
71457940	2010-11-23 06:38:57	1
71462595	2015-02-05 20:27:38	1
71462063	2014-08-08 19:07:16	1
71459207	2011-10-06 12:47:28	1
71462063	2016-07-12 19:36:38	1
71459172	2015-05-28 13:42:07	1
71460761	2012-07-22 12:39:56	1
71459564	2011-09-20 18:30:25	1
71461412	2012-11-14 11:33:47	1
71458297	2006-07-09 10:45:21	1
71458255	2007-08-19 14:11:55	1
71460796	2008-12-14 07:33:27	1
71460985	2014-09-14 19:46:54	1
71458080	2012-11-22 19:44:13	1
71459333	2015-10-21 16:06:19	1
71461615	2019-09-07 13:21:52	1
71460369	2012-01-27 17:13:20	1
71457919	2018-07-27 06:54:08	1
71458619	2011-01-26 12:52:30	1
71459795	2010-09-28 08:01:32	1
71462217	2006-11-03 06:53:57	1
71463295	2014-04-27 12:32:26	1
71459410	2015-07-17 16:57:50	1
71458899	2010-06-16 08:49:27	1
71462602	2005-05-10 17:55:03	1
71459557	2013-02-20 08:42:41	1
71458997	2020-06-05 13:39:06	1
71458318	2009-04-12 20:20:32	1
71461552	2008-08-23 07:38:09	1
71460628	2007-04-16 10:15:28	1
71463421	2012-03-13 15:36:20	1
71458444	2016-07-09 08:08:52	1
71461580	2018-11-15 16:27:36	1
71459333	2013-05-15 07:49:35	1
71461860	2006-08-21 12:56:04	1
71460047	2011-06-19 06:21:04	1
71463204	2006-02-07 07:41:22	1
71461496	2018-06-16 07:26:19	1
71459431	2010-01-08 11:47:07	1
71459228	2020-06-15 11:53:56	1
71459158	2017-08-21 10:23:56	1
71462861	2009-04-28 16:14:21	1
71463295	2007-07-17 15:50:46	1
71461069	2012-07-25 18:21:46	1
71460922	2006-02-24 13:16:19	1
71458570	2007-10-15 08:25:59	1
71462413	2007-03-28 16:06:37	1
71462749	2019-04-22 11:15:13	1
71459578	2012-03-03 20:09:02	1
71462854	2015-01-17 11:20:47	1
71462819	2013-11-10 19:32:07	1
71459634	2019-07-24 16:36:51	1
71462798	2017-03-14 13:36:26	1
71457961	2015-03-09 14:38:26	1
71458976	2018-08-27 09:49:13	1
71459774	2017-05-23 13:22:18	1
71462567	2018-06-14 18:48:34	1
71459207	2014-03-20 09:47:23	1
71458822	2016-12-08 18:21:49	1
71461517	2015-02-17 13:02:54	1
71463477	2005-11-04 10:28:14	1
71461867	2009-02-18 11:56:39	1
71460999	2011-08-02 20:41:36	1
71462763	2010-01-03 14:33:45	1
71463400	2007-11-08 13:19:30	1
71458738	2005-06-19 19:42:40	1
71461174	2013-08-08 11:49:52	1
71462140	2012-11-09 06:58:58	1
71463183	2019-12-01 18:02:07	1
71460901	2017-05-09 06:12:42	1
71459522	2019-06-06 12:10:14	1
71462588	2008-01-14 10:33:21	1
71462728	2017-09-13 10:52:26	1
71462147	2014-08-03 16:41:41	1
71458353	2012-02-07 15:50:29	1
71459424	2011-08-09 14:33:58	1
71462196	2015-04-09 13:18:56	1
71463687	2020-07-21 16:24:28	1
71463631	2007-07-19 07:46:09	1
71461678	2010-09-03 07:19:12	1
71458675	2019-08-14 20:56:28	1
71458829	2008-07-04 14:19:07	1
71463148	2013-09-12 09:12:32	1
71462952	2010-03-21 16:12:24	1
71463211	2006-06-10 06:06:09	1
71460271	2020-04-09 06:35:32	1
71463169	2006-01-18 06:36:56	1
71460474	2006-12-09 08:45:20	1
71462385	2007-08-26 10:17:36	1
71463113	2011-07-16 08:53:02	1
71460992	2012-10-17 08:53:16	1
71460229	2018-09-03 10:29:36	1
71458017	2009-02-24 10:53:37	1
71460173	2019-05-26 06:46:03	1
71462434	2007-12-22 17:31:04	1
71458745	2005-07-23 09:39:36	1
71457982	2016-12-08 08:22:41	1
71459501	2009-04-06 17:26:19	1
71458997	2006-07-18 16:05:43	1
71462980	2016-03-06 09:38:15	1
71460824	2016-10-14 10:27:47	1
71462427	2012-03-27 17:28:15	1
71460138	2005-07-12 07:09:07	1
71458066	2005-12-08 19:01:21	1
71460075	2014-01-08 10:34:37	1
71458136	2012-06-06 13:17:12	1
71460369	2014-06-13 06:52:28	1
71461545	2012-11-22 16:38:45	1
71463309	2018-06-07 09:27:57	1
71462154	2019-08-04 19:33:07	1
71461937	2018-05-11 08:18:27	1
71460313	2016-11-20 06:35:41	1
71460152	2016-04-04 08:59:27	1
71461972	2007-04-14 13:03:36	1
71462434	2015-06-26 15:30:16	1
71458276	2006-05-06 12:39:30	1
71459718	2012-11-02 12:59:00	1
71460523	2018-02-02 13:45:09	1
71462035	2019-03-22 17:41:11	1
71457996	2008-06-11 11:35:17	1
71459669	2018-01-12 19:08:19	1
71462980	2007-08-20 08:20:38	1
71463722	2013-01-10 19:29:53	1
71461909	2014-01-20 09:56:12	1
71461524	2020-09-18 13:55:22	1
71462385	2007-10-01 16:06:46	1
71463421	2006-02-14 12:58:30	1
71463085	2020-02-03 14:39:33	1
71459795	2019-06-21 12:32:36	1
71458374	2016-12-18 17:32:30	1
71460418	2006-10-07 17:25:07	1
71462000	2018-12-04 09:49:54	1
71460803	2017-10-25 18:55:37	1
71461419	2017-12-21 18:10:29	1
71462497	2019-10-11 08:40:34	1
71462588	2014-06-05 14:24:32	1
71458073	2012-08-20 17:58:33	1
71461314	2020-10-10 16:47:41	1
71458843	2005-03-08 09:10:13	1
71462329	2014-08-10 08:17:44	1
71461874	2006-07-19 19:13:31	1
71463456	2011-06-26 13:22:02	1
71460145	2011-06-21 10:12:18	1
71463351	2019-11-05 17:16:39	1
71458997	2005-01-14 17:04:16	1
71463022	2018-07-10 12:45:16	1
71462154	2005-12-09 10:34:11	1
71463134	2015-09-28 10:53:21	1
71463519	2011-07-01 11:47:56	1
71458304	2017-06-22 19:10:56	1
71460677	2013-01-17 08:42:21	1
71460047	2020-03-11 20:09:32	1
71457961	2015-11-27 10:52:26	1
71459886	2013-02-11 15:04:29	1
71462693	2005-06-23 16:19:14	1
71462196	2005-10-26 13:17:16	1
71462126	2012-06-27 16:56:47	1
71459648	2018-08-18 13:37:07	1
71459242	2015-08-02 13:01:34	1
71463456	2011-12-02 12:20:47	1
71458017	2017-03-20 12:44:49	1
71459102	2012-07-03 16:04:04	1
71460992	2011-01-22 15:31:31	1
71461342	2005-02-05 10:51:15	1
71458318	2010-07-04 09:45:11	1
71459963	2013-02-08 19:09:43	1
71462784	2008-05-14 12:15:47	1
71463064	2009-05-23 07:15:48	1
71463428	2018-11-03 15:12:49	1
71458248	2014-03-15 09:07:27	1
71458136	2008-04-07 20:41:00	1
71459151	2012-08-03 16:04:38	1
71459333	2018-08-10 07:27:44	1
71463148	2006-10-05 07:44:06	1
71463365	2019-11-22 08:34:16	1
71461804	2008-10-13 07:38:20	1
71460250	2006-03-17 07:33:29	1
71460943	2007-02-06 12:48:56	1
71458752	2009-12-02 11:34:55	1
71459522	2011-10-17 12:53:13	1
71462280	2007-06-04 12:43:56	1
71461237	2011-05-18 08:54:42	1
71463106	2008-04-20 13:20:51	1
71458304	2010-04-10 20:54:37	1
71457975	2014-11-16 15:34:37	1
71461328	2018-11-05 17:09:09	1
71458003	2018-02-21 06:58:19	1
71462945	2013-09-11 18:43:46	1
71460341	2005-06-13 09:35:47	1
71463568	2020-08-19 06:14:02	1
71462980	2007-05-18 19:30:25	1
71460425	2011-04-19 10:00:30	1
71463540	2007-02-12 12:35:02	1
71462252	2008-06-09 06:26:40	1
71458430	2010-02-26 18:07:07	1
71460803	2012-10-25 09:33:12	1
71459445	2019-05-05 18:19:26	1
71458633	2011-09-14 16:31:42	1
71458577	2011-09-12 15:15:47	1
71460152	2008-12-19 17:36:52	1
71459081	2007-11-24 09:17:57	1
71463260	2014-10-28 08:34:47	1
71463421	2017-10-09 14:32:07	1
71463428	2011-08-03 09:07:30	1
71462014	2020-11-17 20:00:11	1
71458094	2005-01-19 19:44:46	1
71458934	2012-10-20 17:01:16	1
71458360	2008-11-03 12:12:21	1
71458409	2006-10-14 16:01:35	1
71460698	2018-11-02 12:34:05	1
71458815	2006-03-01 18:12:24	1
71462805	2017-04-17 09:15:09	1
71462959	2018-03-04 19:33:41	1
71460201	2010-05-07 06:26:04	1
71458367	2016-04-09 10:39:05	1
71462105	2011-05-24 07:37:42	1
71462889	2010-07-09 16:36:24	1
71457926	2010-01-16 09:23:21	1
71459088	2005-02-19 12:59:05	1
71461153	2007-06-25 19:27:55	1
71458486	2017-05-17 08:04:32	1
71459494	2008-01-07 12:57:17	1
71463708	2006-12-09 09:29:39	1
71462406	2013-10-28 10:23:25	1
71458192	2013-07-02 06:54:06	1
71458815	2013-10-10 14:48:15	1
71462630	2008-12-08 14:55:33	1
71461118	2009-02-07 19:39:58	1
71463540	2013-07-09 14:03:16	1
71458941	2020-02-24 10:43:48	1
71460866	2006-02-10 10:47:01	1
71460033	2008-11-14 07:21:30	1
71459074	2014-06-17 17:39:10	1
71458752	2014-12-05 19:50:39	1
71462175	2010-06-15 08:17:08	1
71459704	2015-06-08 13:24:55	1
71462602	2009-12-21 15:10:03	1
71461349	2005-12-15 08:11:26	1
71460124	2016-10-28 07:00:13	1
71460516	2016-08-18 17:21:13	1
71462119	2008-12-02 07:02:38	1
71463505	2018-04-13 17:16:39	1
71460355	2011-09-23 08:12:43	1
71460726	2011-01-04 20:41:26	1
71458248	2010-11-12 08:47:12	1
71462840	2008-09-15 09:09:04	1
71463036	2018-01-09 09:41:13	1
71461132	2019-05-22 13:02:19	1
71462105	2014-03-18 12:01:21	1
71458472	2013-02-11 18:00:57	1
71462028	2008-01-17 14:06:42	1
71463638	2020-03-22 07:23:59	1
71460327	2014-11-09 07:39:52	1
71462448	2006-05-09 11:40:17	1
71462231	2014-01-15 08:50:33	1
71458332	2017-03-23 12:23:54	1
71460026	2008-06-27 06:59:35	1
71459662	2009-08-24 10:44:57	1
71460299	2011-01-07 06:39:29	1
71461629	2007-08-11 10:56:25	1
71462028	2020-08-19 09:09:33	1
71462357	2019-11-21 07:44:24	1
71459851	2020-12-27 08:01:28	1
71460894	2013-02-27 20:51:18	1
71459221	2016-07-22 10:40:02	1
71463498	2011-08-11 13:09:44	1
71461783	2017-08-07 09:05:19	1
71460040	2018-12-21 06:49:05	1
71463309	2019-12-24 11:26:15	1
71458836	2011-06-16 19:10:34	1
71462196	2005-07-09 10:34:59	1
71463701	2011-11-12 08:40:47	1
71462567	2015-02-03 07:52:31	1
71458283	2012-02-14 18:26:59	1
71462770	2015-10-04 19:15:48	1
71460250	2018-05-04 13:39:32	1
71462700	2014-04-16 09:48:22	1
71460537	2016-11-04 16:49:01	1
71463197	2011-06-13 10:57:52	1
71460250	2010-01-09 16:06:07	1
71458052	2011-06-24 19:51:24	1
71460390	2015-02-15 10:20:25	1
71461426	2005-06-07 13:47:24	1
71461020	2017-09-07 12:06:53	1
71460439	2007-11-12 06:32:54	1
71459676	2011-09-21 08:44:47	1
71461524	2005-10-17 13:56:39	1
71458479	2008-11-09 18:58:06	1
71459627	2017-01-24 08:52:15	1
71460670	2017-02-15 19:16:39	1
71462728	2016-08-22 15:13:05	1
71463309	2009-07-12 10:41:40	1
71461083	2018-05-09 16:35:53	1
71462105	2009-09-27 06:54:18	1
71461657	2006-05-25 14:51:05	1
71459585	2008-12-22 06:38:16	1
71460677	2013-11-09 16:05:33	1
71463267	2014-03-09 15:29:23	1
71462861	2015-06-08 08:02:15	1
71459858	2019-10-17 12:55:50	1
71458234	2006-10-06 10:41:01	1
71461447	2019-12-15 14:57:16	1
71462343	2017-11-03 19:54:45	1
71459480	2012-04-01 20:40:38	1
71459865	2019-06-26 13:18:44	1
71459585	2010-06-27 08:48:52	1
71461531	2020-09-14 15:21:03	1
71461720	2009-09-15 06:57:49	1
71459011	2019-08-13 11:27:25	1
71460369	2014-07-19 14:51:56	1
71463169	2016-04-04 12:22:07	1
71463575	2006-05-06 14:09:56	1
71460740	2014-11-25 13:31:11	1
71461377	2008-02-14 08:37:18	1
71459886	2009-03-21 07:46:22	1
71463155	2009-08-08 12:45:53	1
71462658	2007-11-26 10:28:53	1
71461293	2010-05-21 13:08:59	1
71459844	2011-10-22 06:59:14	1
71458304	2007-03-08 12:56:28	1
71458430	2017-01-10 09:48:19	1
71462910	2013-08-15 16:13:18	1
71461034	2014-10-19 13:29:47	1
71460341	2009-08-19 15:07:41	1
71458955	2011-07-02 15:38:20	1
71461062	2006-01-17 09:32:45	1
71459662	2005-12-26 08:06:52	1
71462630	2009-08-17 19:41:38	1
71462497	2019-12-06 09:47:04	1
71460215	2011-11-01 16:42:51	1
71461587	2014-05-05 09:09:41	1
71459844	2010-05-15 13:03:10	1
71463638	2019-02-05 19:06:29	1
71459879	2009-12-02 08:30:07	1
71458619	2017-10-25 18:43:55	1
71461356	2008-02-12 15:45:27	1
71460005	2014-12-16 14:34:48	1
71458402	2014-08-13 20:50:04	1
71460327	2010-10-24 15:33:57	1
71460663	2018-10-11 13:06:28	1
71460103	2018-04-18 11:11:20	1
71463057	2007-06-22 18:04:37	1
71459550	2009-04-14 12:36:04	1
71459501	2012-02-24 15:20:05	1
71460348	2016-10-11 06:47:47	1
71460054	2014-09-23 08:18:55	1
71458220	2010-01-20 17:51:16	1
71461671	2009-12-15 08:06:19	1
71458731	2020-06-05 17:08:10	1
71460859	2020-09-10 09:18:34	1
71459564	2015-10-01 13:41:15	1
71461797	2018-03-18 12:22:20	1
71461909	2007-04-27 18:15:54	1
71458416	2007-03-11 06:30:45	1
71458465	2020-11-06 09:30:40	1
71463673	2011-12-27 10:55:07	1
71460768	2017-02-24 08:58:12	1
71460509	2014-11-10 15:05:36	1
71458822	2019-06-17 20:29:07	1
71460404	2010-06-12 14:54:51	1
71462140	2017-03-10 13:41:50	1
71460726	2015-05-07 10:51:09	1
71463141	2011-11-08 13:47:59	1
71458437	2011-11-03 08:11:45	1
71462707	2012-10-16 18:33:09	1
71460145	2015-08-17 15:50:23	1
71462336	2012-05-21 13:39:16	1
71459949	2007-10-04 08:11:44	1
71459277	2020-05-22 15:45:02	1
71460166	2006-09-01 17:59:37	1
71457996	2014-11-03 08:37:03	1
71459158	2019-02-20 10:04:48	1
71462651	2012-05-02 18:01:21	1
71462126	2013-05-06 13:52:35	1
71460600	2014-11-01 10:57:05	1
71458836	2020-07-26 10:13:10	1
71460516	2017-11-15 19:04:25	1
71460257	2017-10-09 07:39:24	1
71461601	2015-03-13 17:14:32	1
71460026	2005-03-17 19:50:36	1
71460950	2013-03-05 18:37:00	1
71462819	2013-09-24 11:40:04	1
71462994	2007-03-10 17:30:32	1
71459382	2007-01-26 14:09:03	1
71458367	2013-01-14 09:41:32	1
71462322	2019-02-26 13:58:12	1
71462511	2019-12-25 08:13:14	1
71463134	2017-04-02 16:19:22	1
71460761	2006-05-06 15:24:25	1
71458332	2009-11-26 20:32:18	1
71462875	2005-05-07 06:48:15	1
71458710	2015-05-03 18:49:15	1
71463092	2018-07-04 12:53:29	1
71460509	2015-08-19 17:53:22	1
71462518	2017-10-26 07:06:10	1
71459025	2019-03-05 14:46:45	1
71462028	2017-07-04 19:12:05	1
71462070	2015-05-01 15:56:42	1
71458507	2014-07-25 14:23:47	1
71463092	2020-02-14 08:24:52	1
71458542	2008-03-02 15:05:11	1
71460733	2006-05-10 19:14:34	1
71460663	2006-08-18 19:33:53	1
71459718	2007-02-07 11:36:18	1
71458276	2008-07-26 13:41:38	1
71461118	2020-06-24 07:12:27	1
71462588	2010-03-15 06:10:04	1
71462665	2020-11-20 06:12:33	1
71463673	2007-01-27 16:43:31	1
71460292	2006-10-17 13:35:33	1
71460719	2018-10-27 07:26:02	1
71459760	2016-02-17 12:14:39	1
71458948	2014-10-04 15:50:30	1
71462560	2008-11-11 17:38:56	1
71463134	2017-10-21 08:55:02	1
71462252	2008-08-15 15:02:10	1
71458976	2007-01-08 13:38:18	1
71462140	2015-12-23 17:31:44	1
71458962	2018-01-14 17:57:25	1
71461489	2008-02-16 08:53:50	1
71459193	2010-09-18 11:15:11	1
71459942	2007-07-26 12:58:49	1
71461167	2010-10-05 13:25:53	1
71461769	2016-09-20 19:53:51	1
71459760	2011-12-14 20:03:20	1
71461195	2006-12-17 17:23:33	1
71462014	2020-05-18 18:28:13	1
71460369	2009-09-11 16:55:38	1
71461384	2016-01-17 14:55:57	1
71462714	2020-04-21 06:01:09	1
71459151	2007-01-04 14:38:45	1
71460047	2010-02-14 19:56:03	1
71461055	2015-04-25 16:49:23	1
71463435	2007-05-27 16:12:20	1
71462679	2006-06-12 08:44:04	1
71460607	2006-07-19 20:32:17	1
71463498	2019-09-04 20:39:39	1
71460607	2014-10-17 12:04:37	1
71463176	2019-10-22 15:30:02	1
71462434	2011-06-12 09:30:32	1
71463491	2012-10-16 18:15:42	1
71461377	2018-12-13 06:46:01	1
71462777	2016-10-22 10:55:25	1
71458129	2019-02-17 16:14:41	1
71461944	2015-03-13 07:41:47	1
71461482	2012-02-24 19:55:37	1
71460817	2005-05-13 18:03:58	1
71461041	2006-07-07 06:16:43	1
71458514	2017-07-12 09:40:33	1
71459207	2020-10-13 07:11:06	1
71462728	2007-11-04 16:08:13	1
71457919	2005-01-26 13:10:19	1
71460600	2007-11-04 15:25:54	1
71459837	2020-10-26 10:45:32	1
71458388	2007-11-06 13:23:56	1
71463666	2005-06-23 10:23:03	1
71461804	2005-04-01 10:07:05	1
71459473	2005-09-18 16:04:55	1
71463484	2019-07-24 07:31:06	1
71462280	2008-11-19 14:44:29	1
71461391	2014-02-09 15:15:24	1
71458948	2009-01-04 09:56:21	1
71460096	2014-05-23 16:55:46	1
71458892	2009-05-20 13:22:14	1
71462098	2014-12-05 19:56:32	1
71460152	2007-01-28 19:59:22	1
71462105	2015-09-14 07:34:37	1
71458283	2012-04-25 20:45:35	1
71461349	2009-07-03 14:41:33	1
71462644	2018-04-26 20:37:08	1
71459039	2015-07-08 19:08:53	1
71463659	2008-11-21 10:40:06	1
71461944	2017-09-13 06:13:29	1
71459200	2008-05-06 06:03:57	1
71462546	2020-01-18 14:01:23	1
71460880	2018-08-02 10:33:30	1
71460089	2006-02-10 06:35:20	1
71462343	2014-05-18 17:27:57	1
71458948	2007-07-27 17:24:14	1
71461216	2015-08-07 20:46:08	1
71462441	2011-01-27 20:15:50	1
71460250	2009-06-02 08:45:31	1
71462259	2016-04-09 18:45:37	1
71461909	2011-06-10 14:00:22	1
71459781	2007-10-09 18:46:54	1
71463519	2010-08-28 09:59:28	1
71463498	2017-05-04 20:00:29	1
71459375	2017-10-15 14:02:20	1
71461125	2009-06-25 16:45:11	1
71462546	2020-06-21 20:25:56	1
71458080	2015-02-15 19:40:50	1
71458682	2014-05-01 20:10:01	1
71459144	2019-02-16 09:47:12	1
71461384	2009-12-01 12:08:58	1
71459739	2005-06-18 13:38:33	1
71461237	2009-08-10 14:11:58	1
71460124	2020-03-06 19:01:12	1
71458143	2015-08-22 10:34:00	1
71459837	2016-02-03 07:21:58	1
71461013	2009-01-20 06:55:16	1
71461951	2008-12-06 17:19:34	1
71460635	2020-06-04 09:39:59	1
71463036	2009-02-25 06:12:45	1
71458409	2011-01-22 18:55:42	1
71463211	2020-10-17 14:02:09	1
71461944	2013-12-05 08:16:01	1
71462721	2006-04-25 10:57:41	1
71462826	2006-04-22 16:18:50	1
71462644	2006-05-23 17:22:00	1
71462154	2015-11-20 06:24:51	1
71459200	2009-12-09 10:30:32	1
71459249	2013-11-04 19:13:32	1
71462084	2010-06-18 16:23:25	1
71459851	2007-03-23 10:00:41	1
71458640	2006-12-02 10:39:18	1
71459795	2017-05-13 10:22:51	1
71463729	2014-05-02 08:59:10	1
71462063	2012-10-09 18:09:38	1
71463337	2007-03-16 17:11:27	1
71462154	2018-04-03 09:48:43	1
71462980	2006-06-07 12:41:38	1
71462574	2011-12-16 12:16:57	1
71462651	2012-09-02 08:39:30	1
71458129	2009-02-19 20:51:33	1
71463589	2018-07-03 06:04:44	1
71461573	2011-12-03 14:48:53	1
71459116	2005-12-17 07:04:15	1
71463148	2008-02-14 16:57:17	1
71461881	2013-02-01 18:56:15	1
71461181	2009-07-10 20:01:01	1
71460992	2012-08-04 14:39:15	1
71463113	2009-02-20 09:51:27	1
71458514	2017-10-15 10:52:41	1
71458675	2011-05-20 06:49:52	1
71462756	2014-01-18 09:47:50	1
71458654	2020-11-04 08:32:43	1
71458773	2020-12-05 16:23:40	1
71463379	2012-07-02 07:41:56	1
71460866	2006-12-16 18:21:18	1
71461195	2007-12-15 19:29:01	1
71459480	2016-02-02 06:51:55	1
71459781	2018-07-05 13:52:10	1
71458283	2009-08-24 09:22:40	1
71458472	2007-09-12 15:45:59	1
71462854	2007-05-28 12:56:07	1
71462588	2020-11-14 07:05:01	1
71461874	2006-10-22 19:45:30	1
71461657	2007-08-16 06:26:56	1
71459396	2006-09-07 09:58:47	1
71458892	2017-07-19 16:31:04	1
71461454	2017-01-20 11:02:58	1
71460103	2014-03-02 14:27:51	1
71459760	2010-08-08 08:59:32	1
71463701	2019-09-09 08:41:42	1
71459340	2013-10-26 08:39:32	1
71462665	2016-07-19 19:39:57	1
71462182	2008-11-27 06:51:10	1
71463505	2017-02-09 06:55:15	1
71461888	2009-08-25 15:00:50	1
71457898	2006-07-14 08:07:38	1
71460985	2016-07-19 12:03:11	1
71463393	2007-10-05 08:54:28	1
71462147	2009-11-22 13:57:03	1
71461412	2008-05-14 14:36:56	1
71460579	2014-07-17 15:47:03	1
71459333	2013-04-21 19:05:23	1
71459949	2016-12-23 06:15:35	1
71459977	2011-06-20 07:33:16	1
71458899	2011-07-17 13:06:14	1
71461874	2012-10-13 16:56:43	1
71462007	2005-07-22 10:07:35	1
71460250	2005-06-15 09:53:29	1
71458843	2008-09-23 16:36:13	1
71462714	2015-01-10 10:08:25	1
71460936	2010-05-25 08:36:41	1
71460068	2008-08-26 12:07:36	1
71458241	2009-02-05 12:44:48	1
71458087	2011-02-20 20:12:11	1
71459256	2013-12-06 09:19:14	1
71460208	2020-09-14 16:56:42	1
71459809	2018-07-24 10:00:28	1
71459613	2014-04-09 16:29:03	1
71463267	2016-03-02 09:41:16	1
71462126	2014-10-19 08:46:58	1
71460089	2010-06-07 12:03:38	1
71462203	2020-10-16 20:08:22	1
71461251	2006-09-04 15:19:02	1
71461811	2007-10-28 14:35:09	1
71460201	2017-03-19 12:18:58	1
71462413	2005-07-25 18:21:32	1
71461643	2007-05-06 08:11:23	1
71462217	2019-09-05 14:52:29	1
71461496	2014-01-11 17:11:48	1
71463680	2007-08-17 08:38:39	1
71460656	2015-09-04 13:11:33	1
71461874	2010-03-10 15:12:57	1
71458325	2012-12-12 16:52:26	1
71461979	2006-06-23 20:08:56	1
71460957	2009-09-10 19:52:21	1
71462392	2016-03-26 11:02:35	1
71460950	2012-01-12 15:31:50	1
71460831	2009-07-13 06:41:54	1
71459627	2018-09-15 19:49:10	1
71460369	2020-10-14 11:38:19	1
71460201	2017-04-02 14:18:35	1
71459529	2013-08-06 09:07:12	1
71462308	2007-12-05 15:00:30	1
71458465	2012-12-08 08:17:06	1
71460936	2007-06-05 10:25:39	1
71458703	2010-01-19 11:30:20	1
71461993	2008-04-02 10:37:50	1
71459753	2010-10-24 11:44:02	1
71461846	2019-06-28 11:28:26	1
71463176	2010-04-14 10:45:27	1
71462147	2014-10-17 19:32:38	1
71461573	2011-01-06 17:20:01	1
71459550	2014-11-18 09:07:38	1
71462000	2015-04-28 15:13:23	1
71462980	2008-01-13 10:36:17	1
71462658	2014-05-25 12:48:19	1
71459396	2020-03-08 19:55:25	1
71462378	2007-08-27 14:51:59	1
71462182	2006-05-28 12:46:26	1
71461482	2019-10-10 06:19:55	1
71463337	2009-12-26 18:07:46	1
71462686	2005-02-16 09:48:35	1
71459872	2006-08-09 12:09:04	1
71457961	2014-10-24 20:43:05	1
71462728	2015-01-09 20:45:36	1
71459193	2016-11-16 09:12:58	1
71459522	2014-02-16 07:33:49	1
71460257	2017-04-26 20:42:10	1
71460537	2008-09-09 09:32:44	1
71462238	2016-02-11 09:27:09	1
71458395	2007-08-07 19:46:14	1
71457975	2010-07-15 07:22:43	1
71459886	2009-05-02 20:09:58	1
71462189	2008-09-01 17:29:40	1
71459158	2009-07-01 08:24:28	1
71461937	2005-03-18 19:51:19	1
71458549	2005-01-27 08:02:53	1
71463106	2017-04-03 15:21:15	1
71460831	2011-07-17 10:22:16	1
71458668	2016-12-17 16:04:09	1
71460929	2015-01-13 14:54:02	1
71460565	2018-11-22 08:47:53	1
71463295	2012-09-02 10:10:06	1
71461020	2013-11-26 11:19:55	1
71463134	2016-07-06 10:36:58	1
71460327	2011-10-13 12:57:44	1
71461790	2012-03-01 06:58:16	1
71458052	2016-08-18 19:07:29	1
71459067	2016-09-11 16:05:10	1
71459214	2006-07-01 13:42:29	1
71461076	2006-11-26 09:00:47	1
71463638	2017-08-03 17:20:02	1
71462833	2015-04-18 19:04:57	1
71459172	2006-06-24 10:04:44	1
71462917	2005-10-15 11:20:26	1
71462511	2005-02-28 07:45:37	1
71461818	2019-11-18 15:28:53	1
71462238	2007-12-09 13:48:18	1
71462525	2009-06-12 09:17:36	1
71458003	2011-05-12 18:05:41	1
71461720	2010-06-24 16:00:50	1
71460131	2018-11-22 19:42:05	1
71460859	2011-06-07 13:06:29	1
71463715	2005-10-19 12:22:32	1
71463519	2016-06-24 14:34:25	1
71460796	2009-04-09 11:20:47	1
71463722	2009-09-05 13:16:12	1
71458199	2009-09-28 16:58:19	1
71461335	2008-10-21 08:48:52	1
71462308	2012-10-13 19:24:27	1
71458528	2019-11-03 17:26:51	1
71459319	2011-03-04 07:07:52	1
71461580	2010-09-09 20:09:50	1
71462441	2019-07-28 09:25:02	1
71461580	2018-06-13 15:52:08	1
71458129	2020-12-10 08:15:00	1
71463267	2008-12-16 20:42:11	1
71458276	2018-09-16 12:41:11	1
71461853	2007-04-15 13:28:55	1
71459298	2005-01-06 15:43:04	1
71463743	2010-02-20 19:53:52	1
71459620	2013-10-20 15:38:08	1
71459284	2009-06-12 12:55:33	1
71458143	2016-03-03 20:42:45	1
71462504	2011-11-09 15:27:50	1
71459074	2011-02-04 08:32:26	1
71459102	2014-02-22 10:12:55	1
71462686	2012-08-20 20:24:01	1
71461279	2006-11-26 07:34:35	1
71457961	2016-01-23 07:03:47	1
71460488	2015-12-03 06:53:27	1
71461174	2006-12-27 18:14:04	1
71461923	2017-01-21 18:06:44	1
71458808	2019-07-07 09:14:02	1
71461986	2019-12-14 19:08:04	1
71462497	2018-06-19 09:29:23	1
71458290	2014-10-16 07:55:21	1
71462273	2018-11-19 06:32:25	1
71461202	2012-01-20 11:59:22	1
71462868	2016-10-07 13:44:07	1
71462700	2011-07-24 10:32:18	1
71459746	2013-03-12 10:12:34	1
71461370	2012-10-19 14:40:05	1
71462497	2007-01-22 18:03:08	1
71463008	2005-07-10 06:18:03	1
71459578	2006-02-07 13:52:05	1
71461237	2013-08-22 19:28:38	1
71460313	2005-02-26 09:36:22	1
71458500	2017-08-12 13:01:52	1
71463519	2017-06-03 07:27:48	1
71460404	2016-09-05 15:37:12	1
71459291	2019-06-05 06:05:56	1
71458276	2006-12-16 17:44:51	1
71461069	2015-12-01 07:59:15	1
71460033	2007-08-15 06:51:41	1
71460138	2011-05-10 09:23:49	1
71458213	2019-12-05 11:23:25	1
71457884	2016-09-04 07:02:53	1
71460173	2018-06-10 06:10:32	1
71458598	2005-02-21 06:34:53	1
71458724	2005-09-11 08:01:23	1
71458605	2011-04-09 19:30:24	1
71462294	2011-07-05 08:50:20	1
71459529	2006-07-09 16:29:20	1
71459046	2015-05-03 17:31:18	1
71460565	2007-07-23 19:36:57	1
71461748	2005-08-03 18:28:08	1
71462294	2018-02-19 12:50:46	1
71461916	2017-06-22 20:36:58	1
71461531	2013-05-22 11:01:18	1
71458969	2019-02-18 17:00:27	1
71458255	2010-05-24 15:21:37	1
71458668	2013-07-09 19:14:15	1
71461405	2008-04-07 14:24:12	1
71460985	2014-07-04 11:54:36	1
71462623	2012-08-14 20:32:58	1
71462658	2011-12-21 20:04:26	1
71461097	2016-01-27 20:50:52	1
71460173	2012-07-20 19:13:00	1
71460894	2018-07-18 18:00:14	1
71460383	2019-05-24 09:50:19	1
71463463	2020-01-23 08:02:39	1
71460047	2013-07-05 12:55:14	1
71460726	2020-05-11 20:04:10	1
71463722	2018-08-19 06:39:19	1
71458304	2017-01-14 13:28:24	1
71462084	2010-08-21 13:42:33	1
71463561	2006-01-20 09:25:35	1
71462588	2006-02-05 19:19:34	1
71459305	2013-05-10 11:03:48	1
71462749	2010-04-06 16:37:00	1
71463029	2005-11-04 20:27:03	1
71458108	2009-12-15 10:55:47	1
71457877	2013-02-22 06:03:20	1
71458262	2018-06-23 15:27:45	1
71457898	2014-02-24 06:54:42	1
71462441	2009-04-08 15:36:25	1
71458976	2005-02-02 11:59:57	1
71461160	2018-02-17 15:23:51	1
71462364	2011-11-02 16:12:27	1
71462693	2019-03-01 10:45:30	1
71458633	2007-06-22 06:55:48	1
71459256	2011-11-05 14:44:39	1
71460516	2020-03-04 07:54:10	1
71461965	2008-09-27 14:40:52	1
71461069	2014-04-05 10:39:55	1
71458325	2009-08-07 11:53:39	1
71460873	2018-03-04 19:14:45	1
71463022	2018-03-04 06:02:19	1
71463694	2013-08-23 15:47:33	1
71463225	2012-06-17 18:44:39	1
71459445	2016-01-07 14:07:42	1
71463323	2017-07-07 18:32:00	1
71459473	2017-07-20 17:32:33	1
71461748	2017-11-20 13:57:11	1
71460509	2005-05-25 07:33:52	1
71462329	2014-03-02 16:28:48	1
71463092	2009-06-04 14:54:15	1
71460670	2010-09-06 06:46:02	1
71459809	2012-09-22 19:46:04	1
71457926	2011-11-07 18:36:05	1
71458458	2011-10-13 08:53:52	1
71458920	2019-07-14 11:30:51	1
71459123	2011-11-06 18:05:26	1
71462490	2014-04-13 07:43:19	1
71463470	2008-11-23 15:43:26	1
71458668	2006-09-17 10:07:42	1
71459123	2005-11-01 12:54:47	1
71459648	2016-11-17 13:33:12	1
71460257	2013-09-19 19:13:47	1
71462182	2017-08-20 10:34:42	1
71460089	2008-08-12 11:26:52	1
71460880	2015-11-08 20:08:45	1
71458941	2007-06-22 19:08:34	1
71462203	2015-08-02 09:51:37	1
71462455	2013-05-13 12:16:38	1
71461419	2016-03-26 15:38:02	1
71463057	2009-04-11 07:43:38	1
71460992	2010-08-18 08:29:47	1
71459837	2018-06-07 15:41:21	1
71458507	2016-12-14 13:08:17	1
71460229	2015-08-21 11:18:43	1
71463169	2009-07-20 14:17:30	1
71460306	2019-03-05 06:21:20	1
71462553	2007-07-10 06:30:35	1
71460026	2014-04-05 17:44:59	1
71460054	2013-11-18 13:47:14	1
71458521	2018-11-08 12:48:37	1
71462994	2005-03-02 16:05:59	1
71460663	2017-09-28 19:22:20	1
71461671	2015-10-19 07:31:08	1
71461776	2014-08-03 08:23:05	1
71463379	2013-06-07 07:37:12	1
71461097	2005-06-23 09:28:55	1
71458563	2017-04-12 20:27:30	1
71462896	2007-11-28 17:33:09	1
71458948	2006-03-20 13:51:51	1
71458969	2006-08-14 13:26:38	1
71461279	2018-12-28 16:18:31	1
71459270	2006-05-17 17:35:50	1
71462182	2017-01-13 09:30:58	1
71463309	2008-09-24 12:19:29	1
71458269	2011-02-22 20:40:42	1
71461636	2011-01-13 13:44:01	1
71463449	2014-12-27 07:53:40	1
71458220	2015-10-22 08:44:03	1
71459032	2006-01-17 14:22:27	1
71460607	2019-07-28 09:31:18	1
71461804	2016-05-01 17:47:32	1
71459396	2016-03-10 09:13:01	1
71459522	2008-04-04 08:15:57	1
71460215	2014-02-26 16:33:01	1
71462637	2009-01-12 17:08:56	1
71462609	2006-12-17 15:15:59	1
71461391	2014-02-21 06:25:50	1
71460943	2014-11-05 12:48:58	1
71462357	2019-06-26 20:01:53	1
71460348	2008-07-28 17:27:43	1
71460845	2014-04-23 09:23:58	1
71463456	2006-07-07 18:05:30	1
71462700	2014-02-09 17:40:06	1
71458591	2016-08-15 11:28:08	1
71463400	2009-09-26 07:27:43	1
71460152	2017-10-24 16:19:27	1
71461797	2006-03-08 09:22:33	1
71462028	2020-09-13 15:55:19	1
71461867	2014-11-24 16:43:19	1
71458234	2005-06-15 17:40:40	1
71460614	2014-09-04 11:02:59	1
71460355	2014-08-20 13:30:44	1
71461531	2017-01-19 07:02:22	1
71461006	2016-04-11 15:31:30	1
71459907	2007-12-06 18:56:34	1
71458724	2018-12-26 10:10:08	1
71462518	2011-10-25 12:08:32	1
71461993	2009-12-08 10:03:02	1
71462420	2018-09-18 08:08:20	1
71458164	2007-01-22 19:10:31	1
71460299	2014-05-27 18:41:20	1
71462700	2005-09-12 16:04:43	1
71462434	2012-02-12 16:47:45	1
71459298	2014-12-19 15:55:30	1
71461048	2012-06-20 07:29:35	1
71460971	2008-09-07 12:05:28	1
71459025	2009-11-11 19:19:50	1
71463624	2013-03-16 10:15:41	1
71458003	2016-02-11 07:16:05	1
71462938	2010-05-07 10:04:01	1
71458829	2011-11-16 06:40:22	1
71462595	2013-12-08 08:13:31	1
71460040	2015-01-07 11:13:20	1
71458584	2015-11-14 13:49:10	1
71462371	2008-05-20 12:16:51	1
71463183	2010-02-18 06:12:55	1
71459053	2012-11-26 14:51:59	1
71460754	2018-08-03 18:00:58	1
71458311	2016-06-16 07:31:57	1
71462847	2013-01-15 08:46:29	1
71458458	2018-06-03 14:48:59	1
71461846	2017-05-04 08:31:09	1
71460740	2012-12-20 11:54:16	1
71461363	2018-06-07 19:48:53	1
71460439	2020-06-22 08:34:27	1
71460138	2005-12-08 14:22:18	1
71461678	2012-10-24 17:32:49	1
71462511	2013-12-16 12:22:31	1
71459620	2017-02-03 20:46:37	1
71461307	2015-10-23 10:38:27	1
71458647	2009-05-05 15:09:49	1
71461685	2009-05-16 13:37:41	1
71459921	2007-05-13 07:50:16	1
71459669	2018-03-06 20:15:09	1
71462896	2015-07-21 09:26:19	1
71461356	2015-07-13 15:37:13	1
71462630	2007-01-28 06:10:05	1
71458675	2017-08-19 14:06:34	1
71460516	2009-04-10 17:12:10	1
71460957	2006-04-09 20:12:01	1
71460754	2015-10-09 16:53:06	1
71462231	2007-02-03 18:33:16	1
71459410	2019-01-03 17:33:39	1
71460803	2015-06-02 06:16:10	1
71458437	2010-02-22 18:25:09	1
71461776	2010-01-15 09:38:12	1
71459459	2007-01-11 14:40:20	1
71460614	2013-01-15 06:46:15	1
71458920	2019-11-09 20:37:20	1
71460383	2009-06-02 10:53:12	1
71462441	2018-06-18 08:20:59	1
71460705	2020-01-15 10:19:05	1
71461034	2009-08-11 13:58:01	1
71458304	2009-12-26 09:33:58	1
71461125	2008-04-22 17:06:08	1
71458052	2006-03-09 18:13:05	1
71462014	2010-09-06 07:31:10	1
71460460	2017-07-11 13:47:40	1
71462301	2009-04-22 18:54:16	1
71458444	2012-04-10 06:25:13	1
71457884	2011-10-23 16:03:54	1
71462042	2012-06-12 13:25:45	1
71460894	2014-02-03 10:42:16	1
71461818	2012-05-08 12:35:09	1
71460355	2014-01-10 20:53:46	1
71461832	2012-12-26 17:12:48	1
71463218	2013-03-26 18:22:17	1
71462203	2020-02-20 08:08:06	1
71462721	2019-11-03 07:12:13	1
71459424	2007-05-08 19:18:00	1
71462693	2006-07-26 13:44:26	1
71462392	2005-05-07 20:06:25	1
71461566	2009-07-25 11:55:15	1
71460068	2020-12-18 12:01:06	1
71462392	2008-05-23 18:59:41	1
71460635	2006-12-28 20:34:18	1
71459200	2007-08-10 09:21:03	1
71460376	2014-04-20 14:01:24	1
71461580	2006-11-20 08:05:51	1
71463176	2006-10-14 15:32:07	1
71458227	2013-10-11 13:21:16	1
71463547	2011-09-21 06:21:19	1
71461090	2017-11-23 17:56:07	1
71458570	2014-02-25 09:10:20	1
71462161	2012-08-11 13:45:28	1
71463526	2015-05-12 08:23:14	1
71461034	2009-02-20 12:19:05	1
71463673	2019-12-19 08:04:28	1
71459368	2009-08-04 06:30:22	1
71461027	2016-08-18 07:30:48	1
71462924	2007-11-15 16:26:51	1
71459788	2011-06-24 08:23:48	1
71460733	2010-10-05 15:01:19	1
71463470	2007-10-13 12:36:15	1
71459074	2019-06-04 10:45:53	1
71462819	2010-10-07 19:33:12	1
71462770	2014-09-15 06:14:40	1
71459844	2010-10-17 12:55:25	1
71459732	2014-10-07 20:03:19	1
71463624	2007-07-23 11:33:58	1
71461447	2005-07-19 17:44:36	1
71462511	2015-08-14 14:56:11	1
71461055	2020-01-22 19:41:08	1
71463519	2020-11-14 11:34:38	1
71460397	2010-04-06 19:19:23	1
71463435	2017-05-28 19:02:03	1
71460278	2008-02-08 06:16:18	1
71460096	2010-01-24 16:51:37	1
71458710	2005-08-23 07:57:04	1
71460481	2010-12-19 12:54:58	1
71458430	2010-05-02 18:37:05	1
71462917	2015-04-21 20:10:46	1
71463253	2020-03-21 10:03:31	1
71460656	2011-06-21 13:01:51	1
71463169	2015-06-05 06:02:18	1
71462763	2010-11-06 06:14:56	1
71459627	2020-02-03 19:34:03	1
71458710	2008-09-26 17:44:47	1
71460523	2018-09-14 09:14:06	1
71462063	2008-03-07 20:00:37	1
71459823	2008-05-06 06:29:36	1
71462938	2018-05-27 19:29:31	1
71463519	2013-01-25 14:14:39	1
71461783	2007-08-19 07:14:05	1
71462112	2009-05-11 16:47:57	1
71459263	2005-10-25 18:44:58	1
71457891	2013-07-11 09:36:26	1
71459144	2006-05-17 08:14:09	1
71461944	2007-12-21 10:06:04	1
71460257	2005-10-14 15:54:41	1
71463596	2017-09-08 19:58:36	1
71458374	2020-02-15 10:05:57	1
71459634	2005-02-15 19:32:32	1
71462343	2014-02-02 06:20:27	1
71461930	2006-11-17 19:54:20	1
71461083	2019-03-21 08:59:02	1
71459914	2005-12-14 14:44:13	1
71462210	2015-09-18 09:30:36	1
71459340	2013-06-08 15:36:32	1
71459725	2008-05-10 12:49:04	1
71462721	2018-12-26 16:28:04	1
71463554	2013-11-14 07:16:22	1
71460145	2009-08-03 15:22:41	1
71461678	2009-06-03 10:17:13	1
71458969	2011-05-14 17:22:17	1
71459690	2011-02-23 18:09:03	1
71459109	2013-07-10 10:30:48	1
71461860	2016-09-15 12:17:38	1
71460320	2008-06-01 12:25:59	1
71458759	2011-01-01 14:52:56	1
71461552	2009-06-21 06:42:29	1
71461426	2006-08-25 12:33:49	1
71462427	2013-08-20 10:49:55	1
71461356	2006-11-06 20:16:35	1
71460404	2006-11-14 09:05:49	1
71463246	2008-05-01 12:07:09	1
71458906	2011-04-17 15:30:42	1
71459795	2011-09-18 07:57:46	1
71457919	2013-03-28 10:31:45	1
71458850	2008-10-06 06:48:57	1
71457884	2011-05-10 07:11:32	1
71459025	2011-06-19 12:08:32	1
71463197	2005-02-05 14:37:05	1
71461125	2006-12-22 12:20:32	1
71458500	2005-01-01 11:43:29	1
71458549	2006-10-23 08:48:40	1
71459872	2007-02-28 12:24:35	1
71463344	2006-01-17 20:38:17	1
71458731	2016-03-25 07:46:02	1
71461069	2009-08-04 06:35:42	1
71458738	2014-02-21 19:59:18	1
71458521	2006-04-06 14:53:05	1
71462840	2012-03-23 16:25:43	1
71463554	2013-07-13 18:11:40	1
71458458	2011-03-21 10:10:00	1
71458619	2010-10-10 17:05:44	1
71459011	2016-01-17 17:58:44	1
71458269	2012-01-12 06:37:35	1
71459571	2012-09-13 13:53:38	1
71462021	2009-04-17 06:05:44	1
71458766	2018-02-18 17:39:02	1
71461377	2009-02-06 08:55:07	1
71460488	2005-09-20 07:57:37	1
71458066	2018-07-28 18:06:24	1
71460957	2006-11-14 07:28:25	1
71462273	2005-08-11 08:02:25	1
71459060	2014-06-18 10:50:18	1
71459382	2016-12-08 10:35:18	1
71458290	2005-03-15 12:57:38	1
71461335	2015-04-21 08:08:56	1
71462350	2017-10-09 18:27:48	1
71458122	2005-10-09 11:07:51	1
71458556	2016-04-22 07:08:26	1
71460355	2012-03-04 16:46:38	1
71460789	2005-06-15 07:33:07	1
71458052	2016-11-06 11:00:57	1
71458017	2013-07-22 17:56:33	1
71463624	2019-02-15 17:59:10	1
71462203	2017-09-16 17:52:14	1
71462056	2010-05-17 13:17:35	1
71463127	2005-06-19 15:51:12	1
71462588	2016-03-14 13:06:40	1
71462112	2017-04-13 07:22:21	1
71461230	2010-09-18 10:20:42	1
71462665	2018-01-10 06:44:03	1
71460222	2014-03-09 13:47:25	1
71463225	2012-04-15 09:57:08	1
71462490	2012-05-08 20:33:31	1
71461153	2015-04-12 11:40:14	1
71459263	2014-04-14 08:23:41	1
71463603	2020-03-17 10:22:39	1
71460012	2011-08-19 07:15:36	1
71462742	2015-12-06 13:35:04	1
71461734	2015-10-01 09:58:54	1
71463064	2012-01-05 10:28:30	1
71461916	2008-02-01 11:46:57	1
71461405	2012-08-05 15:15:41	1
71459844	2011-12-08 09:01:16	1
71459137	2010-07-16 09:18:57	1
71463379	2020-11-24 10:39:18	1
71461468	2011-07-04 15:01:55	1
71462371	2019-08-14 16:11:03	1
71458416	2013-08-02 18:08:42	1
71459417	2018-04-25 18:31:19	1
71462483	2008-01-26 10:03:54	1
71461027	2016-08-13 16:00:08	1
71460334	2017-03-04 18:08:28	1
71462777	2006-12-19 06:35:59	1
71462385	2019-07-25 13:26:36	1
71458339	2013-11-06 13:08:12	1
71463323	2006-07-19 14:34:18	1
71459165	2010-09-12 08:55:01	1
71461020	2018-01-15 20:47:00	1
71462833	2019-10-07 16:09:45	1
71461720	2017-07-06 06:48:59	1
71458738	2016-07-26 12:58:22	1
71459508	2018-01-13 06:57:35	1
71458255	2020-09-17 10:33:22	1
71463652	2019-01-11 18:54:02	1
71459046	2013-03-16 07:03:38	1
71459256	2008-02-01 15:44:22	1
71459585	2006-04-20 13:36:20	1
71460376	2016-11-11 15:25:30	1
71463477	2016-08-17 13:12:04	1
71463589	2017-10-27 14:34:36	1
71463148	2006-10-20 13:05:22	1
71459060	2018-02-19 13:17:18	1
71458913	2020-06-22 10:08:20	1
71459704	2007-12-22 09:17:36	1
71463470	2006-01-04 14:22:20	1
71463449	2005-07-26 18:04:19	1
71462805	2020-10-18 20:49:19	1
71460285	2019-08-09 14:58:03	1
71462770	2009-11-22 08:00:40	1
71462476	2007-08-05 14:59:52	1
71463127	2011-01-25 09:53:09	1
71459851	2008-05-01 08:57:08	1
71463568	2009-03-11 07:36:07	1
71461552	2018-12-27 11:56:01	1
71460985	2014-05-10 19:07:57	1
71461909	2005-03-22 09:28:47	1
71457961	2007-09-24 20:43:49	1
71463407	2009-04-11 18:25:47	1
71460467	2011-03-04 14:41:29	1
71459179	2018-05-16 10:47:40	1
71459403	2008-10-13 09:31:38	1
71459858	2009-10-20 14:55:18	1
71463568	2015-07-13 13:15:53	1
71461517	2016-06-19 16:36:14	1
71462266	2010-02-02 07:55:15	1
71462966	2012-07-19 15:24:15	1
71462266	2005-09-11 14:18:02	1
71458584	2011-10-08 11:13:36	1
71459837	2012-11-25 11:36:14	1
71463526	2020-01-10 14:49:34	1
71462560	2020-12-06 13:37:33	1
71461188	2013-07-09 14:04:15	1
71458633	2019-01-06 07:51:07	1
71461559	2011-08-23 11:26:31	1
71459557	2017-01-22 06:31:17	1
71459396	2008-08-17 08:23:18	1
71461202	2005-07-22 18:58:23	1
71458829	2015-10-11 17:20:46	1
71460845	2008-12-23 17:13:02	1
71462826	2010-06-22 11:48:55	1
71462896	2011-02-28 17:46:10	1
71459634	2013-09-18 18:49:42	1
71459564	2005-05-05 14:34:16	1
71458164	2010-02-28 14:01:07	1
71460887	2015-12-12 06:21:44	1
71462798	2009-03-27 15:51:02	1
71462252	2010-12-13 08:01:52	1
71460390	2005-06-03 14:06:45	1
71458486	2018-07-06 06:40:51	1
71458612	2012-06-15 15:08:29	1
71462140	2016-07-10 07:43:39	1
71460005	2018-12-09 09:48:55	1
71461391	2010-11-18 08:32:32	1
71459844	2005-10-04 16:49:06	1
71458465	2007-01-17 08:54:16	1
71462070	2005-05-19 11:50:25	1
71458710	2012-05-06 15:49:58	1
71458199	2005-11-07 16:23:18	1
71461419	2006-06-17 18:21:53	1
71457926	2013-11-23 10:31:07	1
71462021	2016-10-13 20:50:13	1
71458752	2007-04-25 07:17:49	1
71462280	2012-09-01 08:10:19	1
71459732	2008-04-25 16:28:43	1
71461874	2008-04-13 11:58:37	1
71461321	2018-07-03 15:34:09	1
71462210	2007-03-15 11:54:52	1
71461447	2005-11-06 12:16:39	1
71461958	2011-01-11 15:30:56	1
71463064	2018-06-13 16:40:37	1
71462686	2011-10-27 09:50:11	1
71457905	2007-09-18 14:31:03	1
71462532	2016-04-26 10:47:44	1
71462469	2009-01-14 09:29:05	1
71460530	2017-05-08 07:09:48	1
71459060	2008-08-14 07:24:56	1
71458332	2011-10-22 19:04:07	1
71460747	2020-08-15 06:09:24	1
71462777	2019-01-21 09:10:12	1
71461489	2007-06-24 10:41:56	1
71462280	2005-01-28 07:52:21	1
71460187	2009-05-19 10:47:54	1
71458143	2008-05-07 10:36:14	1
71462056	2018-10-26 10:29:20	1
71461979	2010-04-03 12:53:31	1
71460271	2010-09-25 12:29:06	1
71462882	2020-05-08 09:20:59	1
71462385	2010-07-17 15:04:08	1
71463197	2008-07-21 18:26:49	1
71462854	2012-12-10 09:10:11	1
71461405	2014-08-27 08:41:00	1
71462133	2011-07-01 13:59:19	1
71461902	2017-01-26 11:29:32	1
71461237	2019-07-11 09:10:42	1
71461223	2018-08-11 09:43:24	1
71458458	2018-08-06 14:06:47	1
71460789	2010-07-25 08:22:25	1
71462700	2013-03-13 08:19:05	1
71459165	2011-10-07 08:38:59	1
71461489	2008-01-19 07:41:06	1
71459277	2006-04-11 08:02:44	1
71462784	2018-10-25 10:05:23	1
71458311	2013-12-06 14:46:27	1
71457891	2014-12-05 19:36:01	1
71459935	2016-08-04 08:42:53	1
71462175	2014-07-15 19:22:14	1
71461916	2015-08-08 19:38:58	1
71459291	2014-08-07 17:36:36	1
71460250	2010-01-23 18:52:26	1
71458822	2018-03-04 19:06:03	1
71459543	2019-04-25 12:45:15	1
71460285	2010-10-06 10:56:48	1
71460418	2016-08-15 14:11:05	1
71458983	2020-09-16 19:34:04	1
71459788	2014-03-23 12:02:38	1
71459739	2006-10-27 15:45:08	1
71460817	2019-12-14 08:00:29	1
71457926	2013-02-11 09:30:17	1
71462903	2020-05-22 18:41:21	1
71459865	2012-04-02 13:34:00	1
71459907	2006-02-02 15:28:18	1
71459459	2014-07-27 18:34:14	1
71457905	2009-11-23 12:03:27	1
71461860	2010-03-19 08:06:26	1
71458045	2014-10-17 06:12:28	1
71458633	2015-09-21 17:17:46	1
71458479	2008-10-03 12:09:50	1
71461454	2011-05-17 12:45:29	1
71459221	2009-11-26 06:56:26	1
71463372	2006-01-04 20:35:45	1
71461797	2006-11-16 12:33:12	1
71460243	2018-11-23 14:37:07	1
71461454	2009-08-13 14:23:51	1
71463512	2017-06-12 18:43:31	1
71460103	2015-12-28 06:50:45	1
71459235	2006-11-26 16:34:22	1
71460719	2017-06-04 17:57:29	1
71460481	2009-06-06 17:03:11	1
71459445	2018-02-21 15:52:59	1
71461895	2007-10-12 19:25:16	1
71458815	2008-02-20 09:57:46	1
71459494	2020-03-23 07:16:20	1
71459508	2013-07-17 08:15:15	1
71458325	2005-01-13 20:11:53	1
71458486	2008-08-12 13:05:16	1
71459235	2016-01-07 17:59:55	1
71463008	2017-09-25 11:24:55	1
71460257	2019-03-09 18:10:53	1
71460418	2020-12-22 13:35:15	1
71458507	2010-08-19 10:32:22	1
71458150	2009-06-04 16:01:09	1
71462000	2006-12-04 10:59:09	1
71460852	2018-01-01 14:01:36	1
71459711	2013-03-25 10:59:33	1
71461979	2007-10-10 07:12:55	1
71462504	2013-01-06 14:00:21	1
71458836	2011-09-05 09:49:26	1
71459501	2008-11-16 16:06:11	1
71460397	2017-01-15 08:10:13	1
71463386	2006-01-26 07:53:29	1
71458241	2014-06-28 09:53:57	1
71460810	2014-04-07 06:40:52	1
71463253	2018-04-14 12:09:08	1
71458339	2009-06-10 17:53:35	1
71463519	2018-08-13 10:59:00	1
71459774	2005-02-07 18:45:31	1
71460978	2006-05-28 19:07:17	1
71463561	2018-04-17 13:48:05	1
71462644	2015-05-08 11:07:21	1
71460789	2011-03-06 06:45:05	1
71463183	2009-12-05 08:06:26	1
71459144	2019-04-07 15:53:01	1
71463680	2012-08-08 16:57:39	1
71459193	2006-01-12 18:06:21	1
71462826	2010-06-09 14:55:36	1
71459669	2019-05-11 08:36:50	1
71463372	2006-07-24 08:35:39	1
71461517	2014-09-07 18:38:54	1
71459760	2019-06-18 11:15:00	1
71461356	2018-03-11 08:18:35	1
71461664	2020-10-15 13:16:24	1
71458563	2015-04-28 19:24:23	1
71459921	2020-02-23 06:17:34	1
71463421	2017-06-22 15:27:46	1
71459606	2005-11-05 18:21:44	1
71461818	2009-03-19 17:19:12	1
71461048	2011-02-08 12:04:23	1
71460152	2015-06-03 08:38:22	1
71458808	2011-05-22 11:42:26	1
71459851	2014-04-03 14:04:54	1
71460775	2009-09-01 09:34:13	1
71461363	2013-04-21 11:10:49	1
71458640	2012-04-08 20:28:30	1
71461776	2015-08-22 10:55:23	1
71462490	2017-10-16 20:33:47	1
71460390	2015-03-06 09:43:51	1
71459781	2020-09-18 20:49:54	1
71458192	2008-01-08 18:11:15	1
71458157	2009-09-01 10:54:26	1
71461349	2019-01-21 10:33:36	1
71461909	2016-01-02 12:08:33	1
71458710	2009-06-15 10:42:41	1
71462189	2012-08-03 16:36:10	1
71461195	2010-10-07 10:11:02	1
71462945	2011-09-15 07:09:00	1
71462196	2015-12-15 18:40:39	1
71463057	2017-08-11 20:05:31	1
71461776	2015-07-17 14:58:46	1
71458024	2009-06-04 09:37:40	1
71462441	2015-05-11 15:28:36	1
71462329	2006-04-22 18:45:30	1
71458864	2010-02-10 18:28:39	1
71461706	2005-12-21 06:31:12	1
71459669	2007-01-18 13:14:19	1
71463379	2007-02-01 16:18:53	1
71461244	2009-06-24 06:16:23	1
71460859	2019-04-16 06:56:22	1
71458794	2018-08-20 11:44:49	1
71458773	2013-04-27 15:42:20	1
71459088	2011-02-01 14:13:33	1
71462833	2015-10-14 14:37:51	1
71460103	2009-02-28 18:46:50	1
71459102	2013-03-05 13:00:56	1
71461881	2007-02-25 17:36:15	1
71460635	2014-06-06 08:08:42	1
71462903	2013-02-11 10:29:53	1
71459354	2010-11-27 12:05:51	1
71461258	2017-04-22 18:41:11	1
